{
  "loss": [
    1.1442433595657349,
    0.3696879744529724,
    0.011901440098881721,
    0.007662408985197544,
    0.006794648710638285,
    0.006264851428568363,
    0.005919869057834148,
    0.005670600570738316,
    0.005420185159891844,
    0.0052737947553396225,
    0.005134644452482462,
    0.005036992486566305,
    0.004911608062684536,
    0.004821649752557278,
    0.0046891113743186,
    0.004562451038509607,
    0.0045220074243843555,
    0.004449240863323212,
    0.004331728909164667,
    0.0042989738285541534,
    0.004242266062647104,
    0.0042389449663460255,
    0.004133263602852821,
    0.004101970233023167,
    0.004082689061760902,
    0.004040358122438192,
    0.004032773431390524,
    0.004000504966825247,
    0.003948155790567398,
    0.003953144419938326,
    0.0038115817587822676,
    0.0038165163714438677,
    0.003819881472736597,
    0.0037805100437253714,
    0.003759627230465412,
    0.003669318277388811,
    0.003749542636796832,
    0.003647384000942111,
    0.003660644171759486,
    0.0035829057451337576,
    0.0035723212640732527,
    0.003583150915801525,
    0.0035537544172257185,
    0.0036188787780702114,
    0.0034999693743884563,
    0.0035754202399402857,
    0.003483105218037963,
    0.0034621679224073887,
    0.0034533480647951365,
    0.003480487037450075
  ],
  "mean_squared_error": [
    1.1429698467254639,
    0.3637993335723877,
    0.005028351675719023,
    0.0023395612370222807,
    0.0022815223783254623,
    0.002206207485869527,
    0.0021545325871556997,
    0.0021233558654785156,
    0.002045641653239727,
    0.002037149155512452,
    0.002018456347286701,
    0.0020168127957731485,
    0.0019716231618076563,
    0.0019534891471266747,
    0.0018867211183533072,
    0.0018265213584527373,
    0.0018348254961892962,
    0.0018139773746952415,
    0.001740193460136652,
    0.0017473074840381742,
    0.0017335209995508194,
    0.0017631150549277663,
    0.001693414873443544,
    0.00169763236772269,
    0.0017094297800213099,
    0.0017010908341035247,
    0.0017128592589870095,
    0.0017057337099686265,
    0.0016791240777820349,
    0.0017070655012503266,
    0.0015883611049503088,
    0.0016151031013578176,
    0.0016382519388571382,
    0.0016148072900250554,
    0.0016134654870256782,
    0.0015394024085253477,
    0.0016341981245204806,
    0.0015451317885890603,
    0.0015744545962661505,
    0.0015137851005420089,
    0.0015192491700872779,
    0.0015405156882479787,
    0.0015220905188471079,
    0.0015986831858754158,
    0.0014872679021209478,
    0.0015706225531175733,
    0.0014890782767906785,
    0.0014807727420702577,
    0.0014815392205491662,
    0.0015182356582954526
  ],
  "val_loss": [
    1.052457571029663,
    0.028350582346320152,
    0.0075165159069001675,
    0.006251992657780647,
    0.005873801652342081,
    0.00598364369943738,
    0.007220545783638954,
    0.0046996003948152065,
    0.004378673620522022,
    0.005118160508573055,
    0.006975539494305849,
    0.004163307603448629,
    0.004110188689082861,
    0.0037119772750884295,
    0.004241334740072489,
    0.003837292082607746,
    0.003767204936593771,
    0.0037719551473855972,
    0.0038882659282535315,
    0.00387782440520823,
    0.004828091245144606,
    0.005707204807549715,
    0.00606280192732811,
    0.0037124056834727526,
    0.003557576099410653,
    0.003555560950189829,
    0.0033682389184832573,
    0.0032181465066969395,
    0.003488105023279786,
    0.0029430384747684,
    0.0036765511613339186,
    0.003130357712507248,
    0.0032369177788496017,
    0.0033618537709116936,
    0.0030919192358851433,
    0.003385173389688134,
    0.007737074047327042,
    0.003267297288402915,
    0.004257289692759514,
    0.0030137705616652966,
    0.0029909706208854914,
    0.0031932061538100243,
    0.004566652700304985,
    0.004914899822324514,
    0.002868367126211524,
    0.002776007167994976,
    0.002852371893823147,
    0.003073523286730051,
    0.004044615663588047,
    0.002692335518077016
  ],
  "val_mean_squared_error": [
    1.0505086183547974,
    0.0209837406873703,
    0.001570866908878088,
    0.0014340679626911879,
    0.0016238928074017167,
    0.002091644098982215,
    0.003581599798053503,
    0.0012483414029702544,
    0.0010841157054528594,
    0.0019490268314257264,
    0.003911701031029224,
    0.0011804781388491392,
    0.0012034671381115913,
    0.0008745482191443443,
    0.0014729169197380543,
    0.0011308350367471576,
    0.0011081984266638756,
    0.001152894808910787,
    0.0013118627248331904,
    0.001352905877865851,
    0.0023381037171930075,
    0.003249566536396742,
    0.0036450112238526344,
    0.0013274335069581866,
    0.001205104636028409,
    0.001230680849403143,
    0.0010674044024199247,
    0.0009411131031811237,
    0.0012320801615715027,
    0.0007066638791002333,
    0.0014651068486273289,
    0.0009407783509232104,
    0.0010622210102155805,
    0.0012114959536120296,
    0.0009556485456414521,
    0.0012628347612917423,
    0.0056296358816325665,
    0.0011817842023447156,
    0.002175796777009964,
    0.000953189970459789,
    0.0009443792514503002,
    0.0011588786728680134,
    0.0025420153979212046,
    0.0028954080771654844,
    0.0008585109608247876,
    0.0007774148252792656,
    0.0008677450241521001,
    0.0010987733257934451,
    0.0020760754123330116,
    0.0007335110567510128
  ]
}