{
  "loss": [
    0.39938783645629883,
    0.02726457454264164,
    0.019129442051053047,
    0.010098475031554699,
    0.006490875035524368,
    0.005254453979432583,
    0.004591829143464565,
    0.004201480187475681,
    0.00380695634521544,
    0.003501942614093423,
    0.0032196780666708946,
    0.0030231752898544073,
    0.0026583399157971144,
    0.002647098619490862,
    0.0024892999790608883,
    0.002247731201350689,
    0.002049589529633522,
    0.0021094430703669786,
    0.002082282677292824,
    0.002034582430496812,
    0.0018867303151637316,
    0.001917273155413568,
    0.001892263418994844,
    0.0018541344907134771,
    0.0017778873443603516,
    0.0017766242381185293,
    0.001862187753431499,
    0.0017438576323911548,
    0.0016592241590842605,
    0.0016087043331936002,
    0.0016076801111921668,
    0.0015587348025292158,
    0.0015338162193074822,
    0.001574755529873073,
    0.0014674444682896137,
    0.0014403864042833447,
    0.0014260635944083333,
    0.0014239229494705796,
    0.001461321022361517,
    0.0014225674094632268,
    0.0014148583868518472,
    0.0014089418109506369,
    0.0014435092452913523,
    0.0013832785189151764,
    0.001355222426354885,
    0.0013699065893888474,
    0.0013028813991695642,
    0.0013515163445845246,
    0.0012375806691125035,
    0.0012809454929083586
  ],
  "mean_squared_error": [
    0.39803674817085266,
    0.02575318142771721,
    0.017758753150701523,
    0.008810202591121197,
    0.005273106973618269,
    0.004092791583389044,
    0.0034685912542045116,
    0.0031032597180455923,
    0.0027348201256245375,
    0.0024620499461889267,
    0.0022096929606050253,
    0.0020398928318172693,
    0.0017056314973160625,
    0.00172541628126055,
    0.001598749659024179,
    0.001389901153743267,
    0.001221717451699078,
    0.0013059049379080534,
    0.0012956345453858376,
    0.0012615204323083162,
    0.0011276265140622854,
    0.001171557349152863,
    0.0011590156937018037,
    0.001132975798100233,
    0.001068607554771006,
    0.0010792957618832588,
    0.0011751955607905984,
    0.0010724770836532116,
    0.0009983305353671312,
    0.0009576483862474561,
    0.0009660286013968289,
    0.0009265060652978718,
    0.0009129194659180939,
    0.0009613334550522268,
    0.0008638093713670969,
    0.0008461247198283672,
    0.0008392783347517252,
    0.0008425599662587047,
    0.0008843532996252179,
    0.000851099903229624,
    0.0008473556372337043,
    0.0008448022417724133,
    0.0008829486323520541,
    0.0008276146836578846,
    0.0008035498904064298,
    0.000823568319901824,
    0.0007625031284987926,
    0.0008150707581080496,
    0.0007047271355986595,
    0.0007522272644564509
  ],
  "val_loss": [
    0.03780536726117134,
    0.013201986439526081,
    0.015730205923318863,
    0.004897551145404577,
    0.003218855243176222,
    0.003041905350983143,
    0.0026742841582745314,
    0.0026468606665730476,
    0.002542709233239293,
    0.0016699990956112742,
    0.002071399474516511,
    0.0021123250480741262,
    0.0012774054193869233,
    0.0016868308885022998,
    0.0021590813994407654,
    0.001326585654169321,
    0.0015210309065878391,
    0.001574850408360362,
    0.0010822174372151494,
    0.0016061265487223864,
    0.002268914831802249,
    0.0015441423747688532,
    0.002612390788272023,
    0.0022458124440163374,
    0.0012827524915337563,
    0.0036393036134541035,
    0.0009622782818041742,
    0.0009196107857860625,
    0.0011811364674940705,
    0.0048260679468512535,
    0.0016387830255553126,
    0.001079045468941331,
    0.0008670059032738209,
    0.0009433680679649115,
    0.0013610112946480513,
    0.0009102737531065941,
    0.0011947402963414788,
    0.00311751919798553,
    0.0011629005894064903,
    0.002107458421960473,
    0.0010659531690180302,
    0.0015854649245738983,
    0.0007407215889543295,
    0.0008661660249345005,
    0.0018757946090772748,
    0.0012718457728624344,
    0.0009456388652324677,
    0.0007177102961577475,
    0.0010133156320080161,
    0.0010463277576491237
  ],
  "val_mean_squared_error": [
    0.036230821162462234,
    0.011772560887038708,
    0.014404045417904854,
    0.0036456631496548653,
    0.0020316625013947487,
    0.0019036584999412298,
    0.001562996068969369,
    0.0015612205024808645,
    0.001490448834374547,
    0.0006424410385079682,
    0.0010767736239358783,
    0.0011428825091570616,
    0.00034226197749376297,
    0.0007828518864698708,
    0.0012839881237596273,
    0.00048548856284469366,
    0.0007088399725034833,
    0.0007807781803421676,
    0.00030247654649429023,
    0.0008388370624743402,
    0.00151754857506603,
    0.0008060822729021311,
    0.0018829788314178586,
    0.0015314258635044098,
    0.0005802057567052543,
    0.0029488594736903906,
    0.0002831621386576444,
    0.00025460805045440793,
    0.0005258121527731419,
    0.0041802129708230495,
    0.0010023408103734255,
    0.0004530793521553278,
    0.0002500023110769689,
    0.00033507338957861066,
    0.000759885529987514,
    0.0003217000048607588,
    0.0006112069822847843,
    0.0025394409894943237,
    0.0005896546645089984,
    0.0015288606518879533,
    0.0005011511384509504,
    0.0010252123465761542,
    0.00018412740610074252,
    0.00031317901448346674,
    0.0013281273422762752,
    0.0007305502076633275,
    0.0004081670194864273,
    0.00018363182607572526,
    0.00048297419562004507,
    0.0005203210166655481
  ]
}