{
  "loss": [
    0.2577831745147705,
    0.008662818931043148,
    0.005360560026019812,
    0.003959929570555687,
    0.0033236495219171047,
    0.0029173088259994984,
    0.0026374799199402332,
    0.002949698828160763,
    0.0027707808185368776,
    0.0025915876030921936,
    0.002326002111658454,
    0.002173331566154957,
    0.001975060673430562,
    0.0018425120506435633,
    0.0017245807684957981,
    0.0015051818918436766,
    0.001570281689055264,
    0.0013973170425742865,
    0.001430433476343751,
    0.0012992307310923934,
    0.001359446789138019,
    0.0014244974590837955,
    0.0014366577379405499,
    0.00134994403924793,
    0.00124735024292022,
    0.0012055115075781941,
    0.0011858121724799275,
    0.0011550439521670341,
    0.0011545898159965873,
    0.0010695632081478834,
    0.001118183834478259,
    0.0011382264783605933,
    0.0009665618999861181,
    0.0010170459281653166,
    0.001010649953968823,
    0.0010578922228887677,
    0.0009453333332203329,
    0.000964086560998112,
    0.0009201663779094815,
    0.000921666796784848,
    0.0008836851920932531,
    0.0008806010591797531,
    0.0008664983906783164,
    0.0008592110243625939,
    0.0008624306647107005,
    0.0007974051404744387,
    0.0008259176393039525,
    0.0007413751445710659,
    0.0007451847777701914,
    0.0008157314732670784
  ],
  "mean_squared_error": [
    0.25628361105918884,
    0.007124740164726973,
    0.003981560003012419,
    0.002732057124376297,
    0.002209283411502838,
    0.0018870625644922256,
    0.0016757706180214882,
    0.0020315228030085564,
    0.001902508083730936,
    0.0017699613235890865,
    0.0015432423679158092,
    0.0014237138675525784,
    0.0012527917278930545,
    0.001140778185799718,
    0.0010377935832366347,
    0.0008347079856321216,
    0.0009134926949627697,
    0.0007557300268672407,
    0.0008022529655136168,
    0.0006874995888210833,
    0.0007651958731003106,
    0.0008278543245978653,
    0.0008539319387637079,
    0.0007777972496114671,
    0.0006878304993733764,
    0.0006570261903107166,
    0.0006512185209430754,
    0.000630148861091584,
    0.0006391176721081138,
    0.0005649332306347787,
    0.0006229252903722227,
    0.0006517647416330874,
    0.0004899135092273355,
    0.0005495675140991807,
    0.0005505828885361552,
    0.0006057033315300941,
    0.0004988457658328116,
    0.000525184441357851,
    0.0004881851200480014,
    0.0004952851450070739,
    0.00046030443627387285,
    0.0004646814486477524,
    0.0004546376003418118,
    0.0004523194511421025,
    0.00045850049355067313,
    0.00039991867379285395,
    0.00043626767001114786,
    0.000358936726115644,
    0.000368888140656054,
    0.00044119285303168
  ],
  "val_loss": [
    0.008421659469604492,
    0.004609329160302877,
    0.0038464702665805817,
    0.009682231582701206,
    0.0017581171123310924,
    0.0015933633549138904,
    0.002495468594133854,
    0.0019887571688741446,
    0.0025790072977542877,
    0.0016731086652725935,
    0.0038863467052578926,
    0.0012176379095762968,
    0.0013689586194232106,
    0.0011371925938874483,
    0.0009939627489075065,
    0.0010879992041736841,
    0.0009093220578506589,
    0.0014686060603708029,
    0.000882358755916357,
    0.0007821433246135712,
    0.0013757421402260661,
    0.0009744294220581651,
    0.0030854109209030867,
    0.0010565574048087,
    0.0008705410873517394,
    0.000966315739788115,
    0.000971271307207644,
    0.0010018140310421586,
    0.0012390760239213705,
    0.003247987013310194,
    0.0006394318770617247,
    0.0007037789328023791,
    0.0006643914966844022,
    0.0008633767138235271,
    0.001326896483078599,
    0.0009024438913911581,
    0.0010607363656163216,
    0.0006850517238490283,
    0.0013118779752403498,
    0.0006588682299479842,
    0.0010085351532325149,
    0.0013609541347250342,
    0.0005514645599760115,
    0.0005614766268990934,
    0.0016341011505573988,
    0.0007474690792150795,
    0.0009052504319697618,
    0.0005094280932098627,
    0.0007802511099725962,
    0.0005888913874514401
  ],
  "val_mean_squared_error": [
    0.006776564754545689,
    0.003151737153530121,
    0.002555808750912547,
    0.008516731671988964,
    0.0006913325050845742,
    0.0006019162246957421,
    0.001561140874400735,
    0.0010950491996482015,
    0.0017352636205032468,
    0.0008728046668693423,
    0.0031250715255737305,
    0.0004805407952517271,
    0.000658424396533519,
    0.0004445080703590065,
    0.0003034216060768813,
    0.0004256966640241444,
    0.0002600894367787987,
    0.0008326991810463369,
    0.00026215644902549684,
    0.00018051665392704308,
    0.0007754874532110989,
    0.00038516291533596814,
    0.002508408622816205,
    0.0004910313291475177,
    0.0003165277012158185,
    0.0004277144034858793,
    0.000442238844698295,
    0.00048250547843053937,
    0.0007294838433153927,
    0.0027494425885379314,
    0.00014872841711621732,
    0.00021400535479187965,
    0.00019299723498988897,
    0.0004010429256595671,
    0.0008705966174602509,
    0.00045221191248856485,
    0.0006200561765581369,
    0.0002511696657165885,
    0.0008763013174757361,
    0.00023506257275585085,
    0.0005903044948354363,
    0.0009478320134803653,
    0.00014307994570117444,
    0.00015724380500614643,
    0.0012297690846025944,
    0.0003544011851772666,
    0.0005079206894151866,
    0.00013133051106706262,
    0.00040636982885189354,
    0.00021324085537344217
  ]
}