{
  "loss": [
    0.33542194962501526,
    0.06988110393285751,
    0.03224079683423042,
    0.01917826570570469,
    0.016977626830339432,
    0.015009813010692596,
    0.009619679301977158,
    0.008954275399446487,
    0.008742141537368298,
    0.007029981352388859,
    0.007059171330183744,
    0.0064049940556287766,
    0.005535410717129707,
    0.005735612474381924,
    0.0049806865863502026,
    0.004746164195239544,
    0.004743358585983515,
    0.0041023497469723225,
    0.004064521752297878,
    0.004115606192499399,
    0.003886769525706768,
    0.0036134717520326376,
    0.0036053245421499014,
    0.0037543971557170153,
    0.0036229179240763187,
    0.0033826432190835476,
    0.003110930323600769,
    0.003152077319100499,
    0.0032265307381749153,
    0.003204119158908725,
    0.003120486391708255,
    0.00311279296875,
    0.00299777090549469,
    0.002959183417260647,
    0.002774181542918086,
    0.003031286643818021,
    0.0025870399549603462,
    0.0027416017837822437,
    0.0030847731977701187,
    0.0027008147444576025,
    0.002602178603410721,
    0.0026919341180473566,
    0.002547098556533456,
    0.0023994154762476683,
    0.002498141722753644,
    0.002505828393623233,
    0.0026302908081561327,
    0.0023800916969776154,
    0.0025728868786245584,
    0.0025407453067600727
  ],
  "mean_squared_error": [
    0.3341841697692871,
    0.0685511901974678,
    0.030919721350073814,
    0.017896711826324463,
    0.015769097954034805,
    0.0138695714995265,
    0.008539385162293911,
    0.007945813238620758,
    0.0077836825512349606,
    0.006116298958659172,
    0.006177383940666914,
    0.005545345600694418,
    0.004708029329776764,
    0.004932919517159462,
    0.004202522337436676,
    0.003992324694991112,
    0.003997143357992172,
    0.0033655676525086164,
    0.003333923639729619,
    0.003393310820683837,
    0.003168413182720542,
    0.0029059338849037886,
    0.002900932217016816,
    0.0030526244081556797,
    0.002926016226410866,
    0.0026887934654951096,
    0.0024218878243118525,
    0.0024676097091287374,
    0.0025445555802434683,
    0.0025322437286376953,
    0.00245315651409328,
    0.002447757637128234,
    0.00233470113016665,
    0.0022985590621829033,
    0.0021191544365137815,
    0.0023786849342286587,
    0.0019376639975234866,
    0.00209312466904521,
    0.0024283132515847683,
    0.0020514153875410557,
    0.0019555366598069668,
    0.0020438041538000107,
    0.0018996702274307609,
    0.0017566526075825095,
    0.001857480499893427,
    0.0018635658780112863,
    0.0019874523859471083,
    0.0017387374537065625,
    0.0019316525431349874,
    0.0019001348409801722
  ],
  "val_loss": [
    0.07636238634586334,
    0.020442310720682144,
    0.005124696064740419,
    0.019602594897150993,
    0.008063391782343388,
    0.0038539317902177572,
    0.008985375054180622,
    0.0033142059110105038,
    0.002812993247061968,
    0.004798229318112135,
    0.0023207322228699923,
    0.0025397459976375103,
    0.03591938316822052,
    0.006014724727720022,
    0.0018966806819662452,
    0.003820324782282114,
    0.008313961327075958,
    0.004717197269201279,
    0.002577965147793293,
    0.0014210994122549891,
    0.0026699909940361977,
    0.0010198733070865273,
    0.0016527896514162421,
    0.0036932097282260656,
    0.0030682957731187344,
    0.005266756284981966,
    0.002747447695583105,
    0.0042853145860135555,
    0.0013314257375895977,
    0.0026579098775982857,
    0.002902083797380328,
    0.0013984782854095101,
    0.0012600760674104095,
    0.001571294735185802,
    0.0015493633691221476,
    0.0012495822738856077,
    0.001872432534582913,
    0.003778079990297556,
    0.000976940500549972,
    0.0012280837399885058,
    0.00135316071100533,
    0.006385361775755882,
    0.0014558525290340185,
    0.0014531681081280112,
    0.003239207435399294,
    0.0018797798547893763,
    0.0023166597820818424,
    0.005192534998059273,
    0.0018740177620202303,
    0.001082749804481864
  ],
  "val_mean_squared_error": [
    0.07504324615001678,
    0.019108960404992104,
    0.0038173103239387274,
    0.01835435815155506,
    0.006888487376272678,
    0.0027332520112395287,
    0.007945846766233444,
    0.0023345965892076492,
    0.0018810189794749022,
    0.00390355521813035,
    0.0014435241464525461,
    0.0016962968511506915,
    0.03510980308055878,
    0.00521111162379384,
    0.0011358463671058416,
    0.003075443208217621,
    0.007574846502393484,
    0.003983975388109684,
    0.0018426307942718267,
    0.0006959305610507727,
    0.0019626852590590715,
    0.0003171422576997429,
    0.0009514271514490247,
    0.002997120376676321,
    0.002374864649027586,
    0.004553085193037987,
    0.0020646480843424797,
    0.0036054865922778845,
    0.0006544210482388735,
    0.0019750057253986597,
    0.002240073634311557,
    0.0007250511553138494,
    0.0005988132325001061,
    0.0009161299676634371,
    0.0008966628229245543,
    0.0006002068985253572,
    0.0012226407416164875,
    0.0031296152155846357,
    0.0003228203277103603,
    0.0005825962289236486,
    0.0007091540610417724,
    0.005739678628742695,
    0.0008083079592324793,
    0.0008140095742419362,
    0.002600409323349595,
    0.0012417221441864967,
    0.0016779876314103603,
    0.004554266110062599,
    0.0012357841478660703,
    0.00044560866081155837
  ]
}