{
  "loss": [
    0.23055915534496307,
    0.007601610850542784,
    0.005272692069411278,
    0.0046224468387663364,
    0.003909663762897253,
    0.003434932790696621,
    0.003408244578167796,
    0.003105335868895054,
    0.003156071063131094,
    0.002859724685549736,
    0.0027636312879621983,
    0.002821575850248337,
    0.002913049655035138,
    0.0026459768414497375,
    0.0026283639017492533,
    0.002686518942937255,
    0.002525533316656947,
    0.00251908996142447,
    0.0023484716657549143,
    0.0022942079231142998,
    0.0023839229252189398,
    0.0023719011805951595,
    0.0022740645799785852,
    0.002264234470203519,
    0.00221344199962914,
    0.0022428431548178196,
    0.002246781252324581,
    0.0021371992770582438,
    0.0021297051571309566,
    0.002176235895603895,
    0.0020411533769220114,
    0.002170328516513109,
    0.002093944000080228,
    0.002059449441730976,
    0.002085752785205841,
    0.001992475474253297,
    0.0020029363222420216,
    0.0019321412546560168,
    0.0019317474216222763,
    0.002042579697445035,
    0.001950106699950993,
    0.0018862971337512136,
    0.0019579054787755013,
    0.0018461102154105902,
    0.0019217502558603883,
    0.0018313542241230607,
    0.0017761472845450044,
    0.001821535755880177,
    0.0018045835895463824,
    0.0018481959123164415
  ],
  "mean_squared_error": [
    0.22879748046398163,
    0.005457830615341663,
    0.003340804483741522,
    0.0028911996632814407,
    0.0023988087195903063,
    0.0020706048235297203,
    0.0021279470529407263,
    0.0018889568746089935,
    0.001991311553865671,
    0.001736429869197309,
    0.0016872171545401216,
    0.0017687170766294003,
    0.001880546216852963,
    0.0016389609081670642,
    0.0016508952248841524,
    0.001731843571178615,
    0.0015924784820526838,
    0.0016073271399363875,
    0.0014616617700085044,
    0.0014286045916378498,
    0.0015280332881957293,
    0.0015246444381773472,
    0.00143595936242491,
    0.0014458377845585346,
    0.0014122845605015755,
    0.001454515615478158,
    0.001472831005230546,
    0.0013536181068047881,
    0.0013577875215560198,
    0.0014136930694803596,
    0.001282005337998271,
    0.0014137247344478965,
    0.001341320457868278,
    0.001313231186941266,
    0.0013510679127648473,
    0.0012710557784885168,
    0.0012919126311317086,
    0.001231587608344853,
    0.0012354134814813733,
    0.0013471421552821994,
    0.001259955228306353,
    0.001198079902678728,
    0.0012832212960347533,
    0.001177097437903285,
    0.001260228338651359,
    0.0011664844350889325,
    0.0011194482212886214,
    0.0011782124638557434,
    0.0011619121069088578,
    0.0012063996400684118
  ],
  "val_loss": [
    0.019932180643081665,
    0.005380256101489067,
    0.006708926986902952,
    0.0022703115828335285,
    0.0032160982955247164,
    0.0022026854567229748,
    0.0019467065576463938,
    0.0020078478846699,
    0.0016576173948124051,
    0.002053197007626295,
    0.003115177620202303,
    0.0024772381875663996,
    0.0017808096017688513,
    0.004941342864185572,
    0.0013306832406669855,
    0.001391259371303022,
    0.0016781463054940104,
    0.0020880568772554398,
    0.0015905901091173291,
    0.0012269805883988738,
    0.0018951179226860404,
    0.0012080990709364414,
    0.0019220495596528053,
    0.001237365766428411,
    0.0013938923366367817,
    0.0018891971558332443,
    0.0030959348659962416,
    0.0012253144523128867,
    0.002284291898831725,
    0.011261533945798874,
    0.0011934121139347553,
    0.006561585236340761,
    0.0015171014238148928,
    0.0012627276591956615,
    0.0016433361452072859,
    0.0010668606264516711,
    0.00300140050239861,
    0.001454672310501337,
    0.003980841487646103,
    0.009603932499885559,
    0.0010737075936049223,
    0.003617302281782031,
    0.0011666115606203675,
    0.000971322413533926,
    0.0013679973781108856,
    0.0021308911964297295,
    0.0009434223175048828,
    0.0022942835930734873,
    0.0013890676200389862,
    0.001073717838153243
  ],
  "val_mean_squared_error": [
    0.017685363069176674,
    0.0033377644140273333,
    0.004901119973510504,
    0.0006764367572031915,
    0.00179260631557554,
    0.0009027993073686957,
    0.0006889897049404681,
    0.0008109005866572261,
    0.0004960435908287764,
    0.000950424000620842,
    0.0020645614713430405,
    0.0014434336917474866,
    0.0007287936750799417,
    0.003939387854188681,
    0.00036049913614988327,
    0.00044498132774606347,
    0.0007674068328924477,
    0.0011941754491999745,
    0.0007141438545659184,
    0.00036745384568348527,
    0.0010465640807524323,
    0.00037198964855633676,
    0.0011058335658162832,
    0.000442296703113243,
    0.000607857306022197,
    0.0011018833611160517,
    0.0022845237981528044,
    0.0004483734956011176,
    0.0015138250309973955,
    0.010482498444616795,
    0.00044549163430929184,
    0.005815282464027405,
    0.000766237557400018,
    0.0005293566500768065,
    0.0009142312919721007,
    0.00035347367520444095,
    0.002289525466039777,
    0.0007619520765729249,
    0.0032761157490313053,
    0.00890368316322565,
    0.00037748899194411933,
    0.002945371437817812,
    0.0004907402908429503,
    0.0003133891732431948,
    0.0006910644588060677,
    0.0014722307678312063,
    0.0003006010956596583,
    0.0016472286079078913,
    0.0007439623586833477,
    0.0004332649114076048
  ]
}